-- phpMyAdmin SQL Dump
-- version 5.2.1
-- https://www.phpmyadmin.net/
--
-- Host: 127.0.0.1:3306
-- Generation Time: Dec 02, 2024 at 03:06 AM
-- Server version: 8.3.0
-- PHP Version: 8.2.18

SET SQL_MODE = "NO_AUTO_VALUE_ON_ZERO";
START TRANSACTION;
SET time_zone = "+00:00";


/*!40101 SET @OLD_CHARACTER_SET_CLIENT=@@CHARACTER_SET_CLIENT */;
/*!40101 SET @OLD_CHARACTER_SET_RESULTS=@@CHARACTER_SET_RESULTS */;
/*!40101 SET @OLD_COLLATION_CONNECTION=@@COLLATION_CONNECTION */;
/*!40101 SET NAMES utf8mb4 */;
--
-- Database: `be1`
--
CREATE DATABASE IF NOT EXISTS `be1` DEFAULT CHARACTER SET utf8mb4 COLLATE utf8mb4_unicode_ci;
USE `be1`;
-- --------------------------------------------------------

--
-- Table structure for table `bin_products`
--

DROP TABLE IF EXISTS `bin_products`;
CREATE TABLE IF NOT EXISTS `bin_products` (
  `id` int NOT NULL AUTO_INCREMENT,
  `name` varchar(255) CHARACTER SET utf8mb4 COLLATE utf8mb4_unicode_ci NOT NULL,
  `price` int NOT NULL,
  `description` text CHARACTER SET utf8mb4 COLLATE utf8mb4_unicode_ci NOT NULL,
  `image` varchar(255) CHARACTER SET utf8mb4 COLLATE utf8mb4_unicode_ci NOT NULL,
  PRIMARY KEY (`id`)
) ENGINE=MyISAM AUTO_INCREMENT=7 DEFAULT CHARSET=utf8mb4 COLLATE=utf8mb4_unicode_ci;

-- --------------------------------------------------------

--
-- Table structure for table `categories`
--

DROP TABLE IF EXISTS `categories`;
CREATE TABLE IF NOT EXISTS `categories` (
  `id` int NOT NULL AUTO_INCREMENT,
  `name` varchar(255) CHARACTER SET utf8mb4 COLLATE utf8mb4_unicode_ci NOT NULL,
  PRIMARY KEY (`id`)
) ENGINE=MyISAM AUTO_INCREMENT=8 DEFAULT CHARSET=utf8mb4 COLLATE=utf8mb4_unicode_ci;

--
-- Dumping data for table `categories`
--

INSERT INTO `categories` (`id`, `name`) VALUES
(1, 'Apple'),
(2, 'Samsung'),
(3, 'Điện thoại'),
(4, 'Tablet'),
(5, 'Macbook'),
(6, 'Laptop'),
(7, 'Phụ kiện');

-- --------------------------------------------------------

--
-- Table structure for table `category_product`
--

DROP TABLE IF EXISTS `category_product`;
CREATE TABLE IF NOT EXISTS `category_product` (
  `category_id` int NOT NULL,
  `product_id` int NOT NULL,
  PRIMARY KEY (`category_id`,`product_id`)
) ENGINE=MyISAM DEFAULT CHARSET=utf8mb4 COLLATE=utf8mb4_unicode_ci;

--
-- Dumping data for table `category_product`
--

INSERT INTO `category_product` (`category_id`, `product_id`) VALUES
(1, 8),
(1, 9),
(1, 11),
(1, 12),
(2, 7),
(3, 7),
(4, 8),
(4, 9),
(4, 10),
(5, 11),
(5, 12),
(6, 13),
(7, 14);

-- --------------------------------------------------------

--
-- Table structure for table `products`
--

DROP TABLE IF EXISTS `products`;
CREATE TABLE IF NOT EXISTS `products` (
  `id` int NOT NULL AUTO_INCREMENT,
  `name` varchar(255) CHARACTER SET utf8mb4 COLLATE utf8mb4_unicode_ci NOT NULL,
  `price` int NOT NULL,
  `description` text CHARACTER SET utf8mb4 COLLATE utf8mb4_unicode_ci NOT NULL,
  `image` varchar(255) CHARACTER SET utf8mb4 COLLATE utf8mb4_unicode_ci NOT NULL,
  PRIMARY KEY (`id`)
) ENGINE=MyISAM AUTO_INCREMENT=15 DEFAULT CHARSET=utf8mb4 COLLATE=utf8mb4_unicode_ci;

--
-- Dumping data for table `products`
--

INSERT INTO `products` (`id`, `name`, `price`, `description`, `image`) VALUES
(7, 'Điện thoại Samsung Galaxy Z Flip 4 (8GB/256GB) - Hàng chính hãng', 14990000, '<div class=\"ToggleContent__View-sc-fbuwol-0 imwRtb\" style=\"\"><h3>Nhỏ gọn trong lòng bàn tay của bạn</h3>\r\n<p><strong>Samsung Galaxy Z Flip4 256GB</strong> sở hữu ngoại hình bắt trend với các cạnh được gia công phẳng một cách tinh tế. Ra mắt với 4 phiên bản màu sắc giúp người dùng có thêm nhiều sự lựa chọn dành cho bản thân, cùng với tone màu trẻ trung thời thượng giúp người dùng toát lên được vẻ ngoài sang trọng và đầy tính hiện đại.</p>\r\n<p>Lần ra mắt này Samsung cho biết hãng đã nâng cấp phần bản lề để tăng tổng số lần gập trên Flip4, giúp thiết bị có thể đồng hành với người dùng trong khoảng thời gian lâu dài hơn mà ít khi khi gặp phải các tình trạng hỏng hóc.</p>\r\n<p>Tổng thể chiếc Galaxy Z Flip4 được bao bọc bởi bộ khung làm từ vật liệu nhôm Armor Aluminum cao cấp, không chỉ gia tăng độ bền cho máy mà nó còn giúp cho điện thoại toát lên được vẻ ngoài sang trọng và đẳng cấp nhờ khả năng phản quang óng ánh.</p>\r\n<p>Galaxy Z Flip4 sẽ có một thân hình thon gọn nhờ ứng dụng tỉ lệ màn hình 22:9, điều này giúp cho quá trình cầm nắm của bạn trở nên dễ chịu hơn bởi bề rộng của máy được tối ưu đi. Với kích thước chiều dài sau khi gập là 84.9 mm, vì thế thiết bị có thể dễ dàng nằm gọn trong lòng bàn tay để bạn có thể cầm nắm một cách chắc chắn.</p>\r\n<p>Samsung cho biết đây là điện thoại gập có hỗ trợ chuẩn kháng nước IPX8, giờ đây mọi người có thể an tâm hơn trong những tình huống khi vô tình tiếp xúc với nước.</p>\r\n<p><img src=\"https://salt.tikicdn.com/ts/tmp/d4/db/fc/2c9590285c2d1817ca2b5d00062cd952.png\" width=\"750\" height=\"475\"></p>\r\n<p><img src=\"https://salt.tikicdn.com/ts/tmp/36/cc/f4/4fd8f9978e32c73634c770dd53d9f4d9.png\" width=\"750\" height=\"343\"></p>\r\n<p><img src=\"https://salt.tikicdn.com/ts/tmp/cd/c4/61/42758d548bae231ddacd18eebb407347.png\" width=\"750\" height=\"230\"></p>\r\n<h3>Hiển thị hình ảnh sinh động</h3>\r\n<p>Trang bị trên máy là tấm nền Dynamic AMOLED 2X cao cấp đến từ nhà Samsung với khả năng tái hiện hình ảnh có màu sắc sống động và rực rỡ. Màu đen trên màn hình cũng được hiển thị sâu giúp cho người dùng có thể trải nghiệm nội dung trên các tựa game hay bộ phim hành động trở nên chân thực hơn.</p>\r\n<p>Mật độ điểm ảnh được gia tăng lên 425 PPI vì máy được trang bị màn hình kích thước 6.7 inch cùng độ phân giải Full HD+ (1080 x 2640 Pixels). Các tác vụ chỉnh sửa ảnh sẽ được xử lý dễ dàng hơn trên chiếc Galaxy Z Flip4 bởi độ sắc nét mà nó mang lại là rất cao.</p>\r\n<p>Phần mặt lưng của máy sẽ được trang bị một màn hình phụ có kích thước 1.9 inch giúp người dùng có thể đọc nhanh những thông báo, thậm chí ở phiên bản này máy còn hỗ trợ nhận cuộc gọi trực tiếp từ màn hình phụ mà không không cần phải mở điện thoại.</p>\r\n<p><img src=\"https://salt.tikicdn.com/ts/tmp/82/85/5d/c5c777e1b4b7ccb53a89e6cba6e6469d.png\" width=\"750\" height=\"273\"></p>\r\n<p>Với tần số quét lên đến 120 Hz ở màn hình chính giúp cho mọi thao tác hàng ngày của bạn được diễn ra mượt hơn hẳn, ngoài ra máy còn có khả năng tự động điều chỉnh xuống còn 1 Hz cho những tác vụ không cần cuộn lướt quá nhiều để tiết kiệm điện năng tiêu thụ.</p>\r\n<p>Độ sáng của Galaxy Z Flip4 đạt mức tối đa là 1200 nits, giúp thiết bị có khả năng hiển thị hình ảnh được rõ ràng hơn mỗi khi người dùng sử dụng điện thoại ở ngoài trời có độ sáng cao. Điều này thực sự hữu ích trong những tình huống như chụp ảnh ngoài trời hay xem bản đồ trong lúc di chuyển ngoài đường.</p>\r\n<h3>Chụp ảnh quay phim sắc nét</h3>\r\n<p>Galaxy Z Flip4 sở hữu ở phần mặt lưng là bộ đôi camera có cùng độ phân giải 12 MP với khả năng thu lại hình ảnh sắc nét, cũng như giúp bạn có thể quay được những thước phim đạt chuẩn 4K.</p>\r\n<p>Đi kèm với đó sẽ là tính năng chụp ảnh góc siêu rộng lên đến 123 độ, giờ đây người dùng có thể ghi lại những tấm ảnh có độ bao quát tốt hơn để mang trọn khung cảnh hùng vĩ vào trong bức hình. Chống rung quang học OIS cũng sẽ được bổ sung trên máy, đây chắc hẳn là tính năng rất hữu ích dành cho các bạn vlogger bởi sự giảm thiểu độ rung lắc trên khung hình mà bạn quay được.</p>\r\n<p>Phía mặt trước của máy sẽ là camera 10 MP được thiết kế theo dạng nốt ruồi quen thuộc. Cùng với đó sẽ là nhiều tính năng hữu ích giúp xử lý da của bạn trở nên mịn màng hơn, người dùng có thể tự tin chia sẻ những bức ảnh tự chụp lên các trang mạng xã hội để khoe với bạn bè.</p>\r\n<p>Ngoài ra bạn cũng có thể selfie bằng cụm camera sau một cách dễ dàng nhờ sự hỗ trợ đến từ màn hình phụ, bởi màn hình này sẽ cho bạn biết chất lượng ảnh mà máy sẽ thu lại ra sao để từ đó tìm cách điều chỉnh khung hình hay gương mặt sao cho bức ảnh trở nên ưng ý nhất.</p>\r\n<p><img src=\"https://salt.tikicdn.com/ts/tmp/e4/d6/91/acef6e7b083aa96b5da0ef2a422d6e6e.png\" width=\"750\" height=\"358\"></p>\r\n<p><img src=\"https://salt.tikicdn.com/ts/tmp/e9/8d/e4/1e1449c35f5f13738c09a4fb21c6c896.png\" width=\"750\" height=\"346\"></p>\r\n<h3>Cân mọi tác vụ với chipset hàng đầu đến từ Qualcomm</h3>\r\n<p>Bộ vi xử lý Snapdragon 8+ Gen 1 là cái tên được Samsung chọn để trang bị trên chiếc điện thoại flagship này, với hiệu năng mạnh mẽ nên mọi tác vụ cơ bản hàng ngày khó mà làm chiếc Galaxy Z Flip4 xảy ra tình trạng giật lag. Hơn thế nữa, ở mức cấu hình khủng như vậy thì máy hoàn toàn đáp ứng cho bạn khả năng chơi mượt nhiều tựa game đồ họa cao đang hiện hành.</p>\r\n<p>Điện thoại RAM 8 GB nên người dùng có thể an tâm hơn trong việc mở đồng thời nhiều ứng dụng mà không cần tắt đa nhiệm, bởi đây được xem là mức dung lượng khá cao cho việc lưu trữ các thông tin tạm thời mà không cần quá lo lắng đến việc máy sẽ giật lag hay tải lại ứng dụng.</p>\r\n<h3>Lấp đầy viên pin chỉ trong tích tắc</h3>\r\n<p>Bên trong một thiết bị có thân hình thanh mảnh sẽ là viên pin có dung lượng 3700 mAh, mặc dù con số này được xem là không quá lớn nhưng đây vẫn đủ để bạn có thể sử dụng cho việc liên lạc hay nghe nhạc cả ngày.</p>\r\n<p>Với công nghệ sạc nhanh 25 W nên việc lấp đầy viên pin trên Galaxy Z Flip4 sẽ chỉ còn trong tích tắc, ngoài ra người dùng còn thể sử dụng tính năng sạc không dây hết sức thuận tiện khi không phải loay hoay trong việc tìm jack cắm.</p>\r\n<p><img src=\"https://salt.tikicdn.com/ts/tmp/ba/37/c0/312b946758fe2ab07db32a02d2f107df.png\" width=\"750\" height=\"556\"></p>\r\n<p><img src=\"https://salt.tikicdn.com/ts/tmp/25/e0/3c/962d1aab922a77469acbb045aa0cffd6.png\" width=\"750\" height=\"493\"></p>\r\n<p><img src=\"https://salt.tikicdn.com/ts/tmp/d0/32/66/a1e9a0563995fdbb293b45e523e66c12.png\" width=\"750\" height=\"274\"></p>\r\n<p><img src=\"https://salt.tikicdn.com/ts/tmp/70/d5/1c/36df23cf753edfacbb0e1742d63ba1e1.png\" alt=\"\" width=\"750\" height=\"850\"></p>\r\n<p><img src=\"https://salt.tikicdn.com/ts/tmp/c2/9a/a4/4cb268b06971674035b5040c357791cc.png\" width=\"750\" height=\"303\"></p>\r\n<p><img src=\"https://salt.tikicdn.com/ts/tmp/de/7d/73/fce304b661395d88e8e441c5d995c9b4.png\" width=\"750\" height=\"3113\"></p><p>Giá sản phẩm trên Tiki đã bao gồm thuế theo luật hiện hành. Bên cạnh đó, tuỳ vào loại sản phẩm, hình thức và địa chỉ giao hàng mà có thể phát sinh thêm chi phí khác như phí vận chuyển, phụ phí hàng cồng kềnh, thuế nhập khẩu (đối với đơn hàng giao từ nước ngoài có giá trị trên 1 triệu đồng).</p></div>', 'galaxyzflip4.jpg'),
(8, 'Apple iPad 10.2-inch (9th Gen) Wi-Fi, 2021', 6990000, '<div class=\"ToggleContent__View-sc-fbuwol-0 imwRtb\" style=\"\"><p>Mạnh mẽ. Dễ sử dụng. Linh hoạt. iPad có màn hình Retina 10.2 inch tuyệt đẹp, chip A13 Bionic mạnh mẽ, camera trước Ultra Wide có tính năng Trung Tâm Màn Hình, tương thích với Apple Pencil và Smart Keyboard.1 iPad giúp bạn dễ dàng làm được nhiều việc hơn nữa. Tất cả tính năng với mức giá ấn tượng.</p>\r\n<h3>Tính năng nổi bật</h3>\r\n<ul>\r\n<li>Màn hình Retina 10.2 inch sống động với True Tone</li>\r\n<li>Chip A13 Bionic với Neural Engine</li>\r\n<li>Camera sau Wide 8MP, camera trước Ultra Wide 12MP với tính năng Trung Tâm Màn Hình</li>\r\n<li>Dung lượng lưu trữ : phiên bản 64GB / 256GB</li>\r\n<li>Loa stereo</li>\r\n<li>Xác thực bảo mật với Touch ID</li>\r\n<li>Wi-Fi 802.11ac và dữ liệu di động LTE chuẩn Gigabit<sup>2</sup></li>\r\n<li>Thời lượng pin lên tới 10 giờ<sup>3</sup></li>\r\n<li>Cổng kết nối Lightning để sạc và kết nối phụ kiện</li>\r\n<li>Tương thích với Apple Pencil (thế hệ thứ 1) và Smart Keyboard<sup>1</sup></li>\r\n<li>iPadOS 15 sở hữu sức mạnh độc đáo, dễ sử dụng và được thiết kế cho tính đa năng của iPad</li>\r\n</ul>\r\n<h3>Pháp lý</h3>\r\n<p>Ứng dụng có sẵn trên App Store. Nội dung được cung cấp có thể thay đổi.</p>\r\n<p><sup>1</sup>Phụ kiện được bán riêng. Khả năng tương thích tùy thuộc thế hệ sản phẩm.</p>\r\n<p><sup>2</sup>Cần có gói cước dữ liệu. Mạng LTE chuẩn Gigabit, 4G LTE Advanced, 4G LTE và gọi Wi-Fi chỉ khả dụng ở một số thị trường và được cung cấp qua một số nhà mạng. Tốc độ phụ thuộc vào thông lượng lý thuyết và có thể thay đổi tùy địa điểm và nhà mạng. Để biết thông tin về hỗ trợ mạng LTE, vui lòng liên hệ nhà mạng và truy cập <a href=\"http://apple.com/iphone/cellular\" rel=\"nofollow noreferrer\">apple.com/ipad/cellular</a>.</p>\r\n<p><sup>3</sup>Thời lượng pin khác nhau tùy theo cách sử dụng và cấu hình. Truy cập <a href=\"http://apple.com/batteries\" rel=\"nofollow noreferrer\">apple.com/batteries</a> để biết thêm thông tin.</p><p>Giá sản phẩm trên Tiki đã bao gồm thuế theo luật hiện hành. Bên cạnh đó, tuỳ vào loại sản phẩm, hình thức và địa chỉ giao hàng mà có thể phát sinh thêm chi phí khác như phí vận chuyển, phụ phí hàng cồng kềnh, thuế nhập khẩu (đối với đơn hàng giao từ nước ngoài có giá trị trên 1 triệu đồng).</p></div>', 'ipad9.jpg'),
(9, 'Apple iPad Air (5th Gen) Wi-Fi, 2022', 13650000, '<div class=\"ToggleContent__View-sc-fbuwol-0 imwRtb\" style=\"\"><p>iPad Air 5 M1 hoàn toàn mới. Linh hoạt hơn bao giờ hết. Màn hình Liquid Retina 10.9 inch tuyệt đẹp với dải màu rộng cho bạn trải nghiệm thị giác vô cùng sống động và chi tiết khi xem ảnh hay video cũng như khi chơi game trên thiết bị (1). Chip Apple M1 nổi bật với hiệu năng vận hành mạnh mẽ và các tính năng máy học cao cấp, hỗ trợ tối đa tác vụ biên tập video 4K, soạn bài thuyết trình đẹp mắt hay thiết kế mô hình 3D - mọi tác vụ đều thật dễ dàng. Thiết bị giờ đã hỗ trợ Magic Keyboard và Apple Pencil (thế hệ thứ 2) (2), Touch ID nhanh nhạy, dễ sử dụng, bảo mật cao, camera sau 12MP góc siêu rộng hỗ trợ Center Stage và camera FaceTime HD 12MP góc rộng, cổng kết nối USB-C hỗ trợ sạc và phụ kiện, thời lượng pin bền bỉ cả ngày (3), công nghệ Wi-Fi 6. Với iPad Air 5 trong tay, bạn đã có đủ sức mạnh để hiện thực hóa mọi ý tưởng của bản thân.</p>\r\n<h3>Tính năng nổi bật</h3>\r\n<ul>\r\n<li>Màn hình Liquid Retina 10.9 inch tuyệt đẹp với True Tone và dải màu rộng P3 (1)</li>\r\n<li>Chip Apple M1</li>\r\n<li>Xác thực bảo mật với Touch ID</li>\r\n<li>Camera trước: 12MP góc rộng, Camera sau: 12MP góc siêu rộng hỗ trợ Center Stage</li>\r\n<li>Hiện có các màu xám, trắng, hồng, tím, xanh</li>\r\n<li>Âm thanh stereo rộng</li>\r\n<li>Thời lượng pin lên đến 10 giờ (3)</li>\r\n<li>Wi-Fi 6 (802.11ax)</li>\r\n<li>Cổng kết nối USB-C để sạc và kết nối phụ kiện</li>\r\n<li>Hỗ trợ Magic Keyboard, Smart Keyboard Folio và Apple Pencil (thế hệ thứ 2) (2)</li>\r\n<li>iPadOS 15 mang đến cho bạn các chức năng mới được thiết kế dành riêng cho iPad</li>\r\n</ul>\r\n<h3>Pháp lý</h3>\r\n<p>Ứng dụng có sẵn trên App Store. Nội dung được cung cấp có thể thay đổi.</p>\r\n<p>(1) Màn hình có các góc bo tròn. Khi tính theo hình chữ nhật, kích thước màn hình iPad Air (thế hệ thứ 4) là 10.86 inch theo đường chéo. Diện tích hiển thị thực tế nhỏ hơn.</p>\r\n<p>(2) Phụ kiện được bán riêng. Khả năng tương thích tùy thuộc thế hệ sản phẩm.</p>\r\n<p>(3) Thời lượng pin khác nhau tùy theo cách sử dụng và cấu hình. Truy cập để biết thêm thông tin.</p>\r\n<p>(4) Cần có gói cước dữ liệu. Liên hệ với nhà mạng tại thị trường của bạn để biết thêm chi tiết. Tốc độ có thể thay đổi tùy địa điểm.</p><p>Giá sản phẩm trên Tiki đã bao gồm thuế theo luật hiện hành. Bên cạnh đó, tuỳ vào loại sản phẩm, hình thức và địa chỉ giao hàng mà có thể phát sinh thêm chi phí khác như phí vận chuyển, phụ phí hàng cồng kềnh, thuế nhập khẩu (đối với đơn hàng giao từ nước ngoài có giá trị trên 1 triệu đồng).</p></div>', 'ipadair5.jpg'),
(10, 'Samsung Galaxy Tab S7 FE 4GB/64GB - Hàng Chính Hãng', 11460000, '<div class=\"ToggleContent__View-sc-fbuwol-0 imwRtb\" style=\"\"><h3>Samsung&nbsp;chính thức trình làng mẫu&nbsp;máy tính bảng&nbsp;có tên&nbsp;Galaxy Tab S7 FE, máy trang bị cấu hình mạnh mẽ, màn hình giải trí siêu lớn và điểm ấn tượng nhất là viên pin siêu khủng được tích hợp bên trong, giúp tăng hiệu suất làm việc nhưng vẫn có tính di động cực cao.</h3>\r\n<h3>Viên pin “khủng long” vượt mốc 10000 mAh</h3>\r\n<p>Galaxy Tab S7 FE sẽ khiến bạn choáng ngợp với dụng lượng&nbsp;pin cực khủng&nbsp;10090 mAh đảm bảo cho cường độ làm việc, giải trí liên tục trong nhiều giờ liền.</p>\r\n<p><a class=\"preventdefault\" href=\"https://cdn.tgdd.vn/Products/Images/522/240254/samsung-galaxy-tab-s7-fan-editon-05.jpg\" rel=\"nofollow noreferrer\"><img class=\"ls-is-cached lazyloaded\" src=\"https://cdn.tgdd.vn/Products/Images/522/240254/samsung-galaxy-tab-s7-fan-editon-05.jpg\" width=\"750\" height=\"499\"></a></p>\r\n<p>Theo công bố từ Samsung, với dung lượng lớn này giúp cho Galaxy Tab S7 FE có thể dùng lên tới 12 giờ lướt web với mạng LTE và 13 giờ xem video trực tuyến qua wifi.</p>\r\n<p>Bên cạnh đó, thời gian sạc cũng được rút ngắn đáng kể khi&nbsp;máy tính bảng có&nbsp;sạc nhanh&nbsp;công suất tối đa lên đến 45 W, tuy nhiên để sạc với tốc độ này bạn cần mua củ sạc phù hợp vì sạc kèm theo máy chỉ 15 W.</p>\r\n<h3>Chơi hết sức, làm việc hết mình với màn hình siêu lớn</h3>\r\n<p>Máy tính bảng Samsung Galaxy Tab S7 FE&nbsp;có một phiên bản màn hình duy nhất với&nbsp;kích thước lớn 12.4 inch, phần viền bao quanh được thu nhỏ, tạo nên không gian rộng rãi, thoải mái cho bạn làm việc hay giải trí.</p>\r\n<p><a class=\"preventdefault\" href=\"https://cdn.tgdd.vn/Products/Images/522/240254/samsung-galaxy-tab-s7-fan-editon-03.jpg\" rel=\"nofollow noreferrer\"><img class=\"ls-is-cached lazyloaded\" src=\"https://cdn.tgdd.vn/Products/Images/522/240254/samsung-galaxy-tab-s7-fan-editon-03.jpg\" width=\"750\" height=\"499\"></a></p>\r\n<p>Màn hình của máy có độ phân giải&nbsp;1600 x 2560 pixels đảm bảo cho chất lượng hình ảnh sắc nét trên màn hình lớn. Màn hình lớn giúp các nội dung giải trí được hiển thị tối ưu khi cầm máy ở cả chiều ngang hay dọc, cho bạn trải nghiệm chơi game và xem phim tuyệt vời nhất.</p>\r\n<h3>Thiết kế cao cấp, tính di động cao</h3>\r\n<p>Galaxy Tab S7 FE vẫn sử dụng thiết kế vát thẳng mạnh mẽ ở phần cạnh viền tương tự&nbsp;Galaxy Tab S7.&nbsp;Tuy vậy, cảm giác cầm S7 FE vẫn rất tốt, các góc cạnh đều đã được xử lý mềm mại hơn, để không gây bất kỳ sự khó chịu hay cấn tay khi cầm.</p>\r\n<p><a class=\"preventdefault\" href=\"https://cdn.tgdd.vn/Products/Images/522/240254/samsung-galaxy-tab-s7-fan-editon-01.jpg\" rel=\"nofollow noreferrer\"><img class=\"lazyloaded\" src=\"https://cdn.tgdd.vn/Products/Images/522/240254/samsung-galaxy-tab-s7-fan-editon-01.jpg\" width=\"750\" height=\"499\"></a></p>\r\n<p>Thân máy được hoàn thiện nguyên khối, được gia công bề mặt vô cùng hoàn hảo, dải anten được bố trí và làm đồng màu với thân máy tạo nên thiết kế liền mạch và đẳng cấp.</p>\r\n<p><a class=\"preventdefault\" href=\"https://cdn.tgdd.vn/Products/Images/522/240254/tab-s7-fe-1.jpg\" rel=\"nofollow noreferrer\"><img class=\"lazyloaded\" src=\"https://cdn.tgdd.vn/Products/Images/522/240254/tab-s7-fe-1.jpg\" width=\"750\" height=\"499\"></a></p>\r\n<p>Galaxy Tab S7 FE cũng là chiếc máy tính bảng có độ mỏng ấn tượng 6.3 mm, dù được trang bị viên pin cực khủng. Khối lượng 608 g nhẹ hơn nhiều so với&nbsp;laptop, thoải mái để bạn mang theo bên mình và xử lý công việc, kiểm tra ở bất cứ đâu.</p>\r\n<h3>Cấu hình mạnh mẽ</h3>\r\n<p>Cấu hình của Galaxy Tab S7 FE phần nào đã được cắt giảm so với phiên bản tiêu chuẩn, nhưng các tựa game đồ họa cao và ứng dụng văn phòng vẫn không làm khó được mẫu máy này, nhờ trang bị&nbsp;vi xử lý Snapdragon 750G giúp cho máy có tốc độ mở ứng dụng khá nhanh và chơi game 3D mượt mà.</p>\r\n<p><a class=\"preventdefault\" href=\"https://cdn.tgdd.vn/Products/Images/522/240254/tab-s7-fe-2.jpg\" rel=\"nofollow noreferrer\"><img class=\"lazyloaded\" src=\"https://cdn.tgdd.vn/Products/Images/522/240254/tab-s7-fe-2.jpg\" width=\"750\" height=\"499\"></a></p>\r\n<p>Máy tính bảng có&nbsp;RAM 4 GB&nbsp;đáp ứng tốt nhu cầu đa nhiệm của máy và&nbsp;bộ nhớ trong 64 GB&nbsp;hỗ trợ mở rộng thêm dung lượng qua thẻ nhớ cho bạn thoải mái lưu trữ dữ liệu.</p>\r\n<p><a class=\"preventdefault\" href=\"https://cdn.tgdd.vn/Products/Images/522/240254/samsung-galaxy-tab-s7-fan-editon-08.jpg\" rel=\"nofollow noreferrer\"><img class=\"lazyloaded\" src=\"https://cdn.tgdd.vn/Products/Images/522/240254/samsung-galaxy-tab-s7-fan-editon-08.jpg\" width=\"750\" height=\"499\"></a></p>\r\n<p>Samsung tiếp tục mang lên dòng Tab S7 FE hệ thống loa chuẩn Dolby Atmos giúp nâng tầm trải nghiệm như nghe nhạc, xem phim với chất âm cao cấp được tinh chỉnh bởi các chuyên gia âm thanh hàng đầu.</p>\r\n<p><a class=\"preventdefault\" href=\"https://cdn.tgdd.vn/Products/Images/522/240254/samsung-galaxy-tab-s7-fan-editon-02.jpg\" rel=\"nofollow noreferrer\"><img class=\"lazyloaded\" src=\"https://cdn.tgdd.vn/Products/Images/522/240254/samsung-galaxy-tab-s7-fan-editon-02.jpg\" width=\"750\" height=\"499\"></a></p>\r\n<h3>Thỏa mãn sáng tạo với bút S-Pen</h3>\r\n<p>Galaxy Tab S7 FE tương thích với bút S-Pen thế hệ mới, cải tiến với độ trễ cực thấp mang đến những nét vẽ tự nhiên và chân thật cho phép bạn thỏa sức sáng tạo, thực hiện các ý tưởng của mình mọi lúc mọi nơi.</p>\r\n<p><a class=\"preventdefault\" href=\"https://cdn.tgdd.vn/Products/Images/522/240254/samsung-galaxy-tab-s7-fan-editon-11.jpg\" rel=\"nofollow noreferrer\"><img class=\"lazyloaded\" src=\"https://cdn.tgdd.vn/Products/Images/522/240254/samsung-galaxy-tab-s7-fan-editon-11.jpg\" width=\"750\" height=\"421\"></a></p>\r\n<p>Hỗ trợ chế độ Samsung DeX cùng bàn phím rời, giúp cho Galaxy Tab S7 FE trở thành một chiếc máy tính cá nhân với giao diện đa cửa sổ tương tự Window, giúp bạn xử lý nhiều công việc cùng lúc trên 1 màn hình.</p>\r\n<p><a class=\"preventdefault\" href=\"https://cdn.tgdd.vn/Products/Images/522/240254/samsung-galaxy-tab-s7-fan-editon-07.jpg\" rel=\"nofollow noreferrer\"><img class=\"lazyloaded\" src=\"https://cdn.tgdd.vn/Products/Images/522/240254/samsung-galaxy-tab-s7-fan-editon-07.jpg\" width=\"750\" height=\"499\"></a></p>\r\n<p>Lưu ý: Các phụ kiện hỗ trợ như bàn phím sẽ không đi kèm trong hộp.</p>\r\n<p>Tóm lại, Galaxy Tab S7 FE được xem là phiên bản rút gọn Galaxy Tab S7 mang đến một thiết bị có mức giá hợp lý hơn những vẫn đầy đủ những tính năng của dòng Galaxy Tab. Để tìm một chiếc tablet vừa mạnh mẽ vừa có thể linh động sẵn sàng mang đi đến bất kỳ đâu, thì Galaxy Tab S7 FE sẽ là cái tên sáng giá mà bạn nên cân nhắc.</p>\r\n<p>Màn hình</p>\r\n<p>Công nghệ màn hình: TFT LCD</p>\r\n<p>Độ phân giải: 1600 x 2560 Pixels</p>\r\n<p>Màn hình rộng: 12.4\" - Tần số quét Hãng không công bố</p>\r\n<p>Hệ điều hành &amp; CPU</p>\r\n<p>Hệ điều hành: Android 11</p>\r\n<p>Chip xử lý (CPU): Snapdragon 750G</p>\r\n<p>Tốc độ CPU: 2 nhân 2.2 GHz &amp; 6 nhân 1.8 GHz</p>\r\n<p>Chip đồ hoạ (GPU): Adreno 619</p>\r\n<p>Bộ nhớ &amp; Lưu trữ</p>\r\n<p>RAM: 4 GB</p>\r\n<p>Dung lượng lưu trữ: 64 GB</p>\r\n<p>Dung lượng còn lại (khả dụng) khoảng: 50 GB</p>\r\n<p>Thẻ nhớ ngoài: Micro SD, hỗ trợ tối đa 1 TB</p>\r\n<p>Camera sau Độ phân giải: 8 MP</p>\r\n<p>Quay phim: Có</p>\r\n<p>Tính năng:</p>\r\n<p>Tự động lấy nét (AF)</p>\r\n<p>Chạm lấy nét</p>\r\n<p>HDR</p>\r\n<p>Nhận diện khuôn mặt</p>\r\n<p>Camera trước</p>\r\n<p>Độ phân giải:5 MP</p>\r\n<p>Tính năng:</p>\r\n<p>Quay video Full HD</p>\r\n<p>Quay video HD</p>\r\n<p>Tự động lấy nét (AF)</p>\r\n<p>Kết nối</p>\r\n<p>Mạng di động: Hỗ trợ 4G</p>\r\n<p>SIM: 1 Nano SIM</p>\r\n<p>Thực hiện cuộc gọi: Có</p>\r\n<p>Wifi:</p>\r\n<p>Wi-Fi 802.11 a/b/g/n/ac</p>\r\n<p>Wi-Fi Direct</p>\r\n<p>Wi-Fi hotspot</p>\r\n<p>Dual-band</p>\r\n<p>GPS:</p>\r\n<p>GPS</p>\r\n<p>A-GPS</p>\r\n<p>GLONASS</p>\r\n<p>Bluetooth:</p>\r\n<p>LE</p>\r\n<p>v5.0</p>\r\n<p>A2DP</p>\r\n<p>Cổng kết nối/sạc:</p>\r\n<p>Type-C</p>\r\n<p>Kết nối khác:</p>\r\n<p>OTG</p>\r\n<p>Tiện ích</p>\r\n<p>Tính năng đặc biệt:</p>\r\n<p>Kết nối bút S Pen</p>\r\n<p>Samsung DeX (Giao diện tương tự PC)</p>\r\n<p>Chế độ trẻ em (Samsung Kids)</p>\r\n<p>Mở khóa bằng khuôn mặt</p>\r\n<p>Âm thanh Dolby Atmos</p>\r\n<p>Âm thanh</p>\r\n<p>Pin &amp; Sạc</p>\r\n<p>Dung lượng pin: 10090 mAh</p>\r\n<p>Loại pin: Li-Ion</p>\r\n<p>Công nghệ pin: Sạc pin nhanh</p>\r\n<p>Hỗ trợ sạc tối đa: 45 W</p>\r\n<p>Sạc kèm theo máy: 15 W</p>\r\n<p>Thông tin chung</p>\r\n<p>Chất liệu: Khung &amp; Mặt lưng kim loại</p>\r\n<p>Kích thước, khối lượng: Dài 284.8 mm - Ngang 185 mm - Dày 6.3 mm - Nặng 608 g</p><p>Giá sản phẩm trên Tiki đã bao gồm thuế theo luật hiện hành. Bên cạnh đó, tuỳ vào loại sản phẩm, hình thức và địa chỉ giao hàng mà có thể phát sinh thêm chi phí khác như phí vận chuyển, phụ phí hàng cồng kềnh, thuế nhập khẩu (đối với đơn hàng giao từ nước ngoài có giá trị trên 1 triệu đồng).</p></div>', 'galaxys7.jpg'),
(11, 'MacBook Air 15 inch (M2, 2023)', 28990000, '<div class=\"ToggleContent__View-sc-fbuwol-0 imwRtb\" style=\"\"><p><strong>MacBook Air (15 inch) </strong><strong>Chip M2</strong></p>\r\n<ul>\r\n<li>MacBook Air 15″. Lớn ấn tượng. Mỏng không tưởng.</li>\r\n<li>MacBook Air 15″. Siêu mạnh mẽ với M2.</li>\r\n<li>MacBook Air 15″. Siêu mỏng, siêu nhanh.</li>\r\n<li>MacBook Air. Nay đã có cỡ 15″.</li>\r\n</ul>\r\n<p>MacBook Air 15 inch mỏng không tưởng và sở hữu màn hình Liquid Retina tuyệt đẹp. Siêu mạnh mẽ với chip M2, cùng thời lượng pin lên đến 18 giờ,1 máy mang đến hiệu năng phi thường trong một thiết kế siêu gọn nhẹ.</p>\r\n<h3>Tính năng nổi bật</h3>\r\n<ul>\r\n<li>Chip M2 cho hiệu năng phi thường</li>\r\n<li>CPU 8 lõi và GPU lên đến 10 lõi giúp dễ dàng xử lý các tác vụ phức tạp</li>\r\n<li>Neural Engine 16 lõi cho các tác vụ sử dụng công nghệ máy học tiên tiến</li>\r\n<li>Bộ nhớ thống nhất lên đến 24GB giúp bạn làm việc gì cũng nhanh chóng và trôi chảy</li>\r\n<li>Nhanh hơn đến 20% khi áp dụng bộ lọc và hiệu ứng cho hình ảnh2</li>\r\n<li>Nhanh hơn đến 40% khi chỉnh sửa các dòng thời gian video phức tạp2</li>\r\n<li>Hoạt động bền bỉ cả ngày dài với thời lượng pin lên đến 18 giờ1</li>\r\n<li>Thiết kế không quạt giảm tối đa tiếng ồn khi sử dụng</li>\r\n<li>Màn hình Liquid Retina 15,3 inch với độ sáng 500 nit và dải màu rộng P3 cho hình ảnh sống động và chi tiết ấn tượng3</li>\r\n<li>Camera FaceTime HD 1080p</li>\r\n<li>Bộ ba micrô phối hợp tập trung thu giọng nói của bạn, không thu tạp âm môi trường</li>\r\n<li>Hệ thống âm thanh sáu loa với Âm Thanh Không Gian cho trải nghiệm nghe sống động</li>\r\n<li>Cổng MagSafe 3, hai cổng Thunderbolt và jack cắm tai nghe</li>\r\n<li>Bàn phím Magic Keyboard có đèn nền và Touch ID giúp mở khóa và thanh toán an toàn hơn</li>\r\n<li>Kết nối không dây nhanh với Wi-Fi 6</li>\r\n<li>Ổ lưu trữ SSD siêu nhanh giúp mở các ứng dụng và tập tin chỉ trong tích tắc</li>\r\n<li>MacOS Ventura mang đến cho bạn những phương thức hiệu quả để hoàn thành nhiều việc hơn, chia sẻ và cộng tác, và chạy mượt mà cùng iPhone và iPad4</li>\r\n<li>Hiện có màu Đêm Xanh Thẳm, Ánh Sao, Xám Không Gian và Bạc</li>\r\n</ul>\r\n<h3>Pháp lý</h3>\r\n<p>Hiện có sẵn các lựa chọn để nâng cấp.</p>\r\n<p>(1) Thời lượng pin khác nhau tùy theo cách sử dụng và cấu hình. Truy cập để biết thêm thông tin.</p>\r\n<p>(2) So với thế hệ trước.</p>\r\n<p>(3) Màn hình của MacBook Air 15 inch có các góc trên được bo tròn. Khi tính theo hình chữ nhật chuẩn, kích thước màn hình theo đường chéo là 15,3 inch (diện tích hiển thị thực tế nhỏ hơn).</p>\r\n<p>(4) Yêu cầu có iCloud và kết nối internet.</p>\r\n<h3>Thông số kỹ thuật</h3>\r\n<p>Truy cập để xem cấu hình đầy đủ.</p><p>Giá sản phẩm trên Tiki đã bao gồm thuế theo luật hiện hành. Bên cạnh đó, tuỳ vào loại sản phẩm, hình thức và địa chỉ giao hàng mà có thể phát sinh thêm chi phí khác như phí vận chuyển, phụ phí hàng cồng kềnh, thuế nhập khẩu (đối với đơn hàng giao từ nước ngoài có giá trị trên 1 triệu đồng).....</p></div>', 'macairm2.jpg'),
(12, 'MacBook Pro M2 13 inch 2022', 29930000, '<div class=\"ToggleContent__View-sc-fbuwol-0 imwRtb\" style=\"\"><h2><strong>MacBook Pro (13 inch)</strong></h2>\r\n<p>Sẵn sàng. Xách Pro lên. Và đi.</p>\r\n<p>Pro trên mọi nẻo đường.</p>\r\n<p>MacBook Pro 13”. Siêu mạnh mẽ với M2.</p>\r\n<h3><strong>Nội dung quảng cáo</strong></h3>\r\n<p>MacBook Pro 13 inch nay đa năng hơn bao giờ hết. Siêu mạnh mẽ với chip M2 thế hệ tiếp theo, đây là chiếc máy tính xách tay chuyên nghiệp nhỏ gọn nhất của Apple, cùng thời lượng pin lên đến 20 giờ.<sup>1</sup></p>\r\n<p><strong>Tính năng nổi bật</strong></p>\r\n<ul>\r\n<li>Chip M2 với CPU, GPU và hiệu năng máy học thế hệ tiếp theo</li>\r\n<li>CPU 8 lõi và GPU 10 lõi tốc độ cao để đảm đương những luồng công việc cường độ nặng</li>\r\n<li>Neural Engine 16 lõi cho các tác vụ sử dụng công nghệ máy học tiên tiến</li>\r\n<li>Bộ nhớ thống nhất lên đến 24GB giúp bạn làm mọi thứ đều trôi chảy</li>\r\n<li>Nhanh hơn 43 phần trăm khi hợp nhất các hình ảnh thành một bức tranh toàn cảnh<sup>2</sup></li>\r\n<li>Tốc độ chơi game nhanh hơn tới 39%<sup>2</sup></li>\r\n<li>Hệ thống tản nhiệt chủ động mang lại hiệu năng tuyệt vời</li>\r\n<li>Hoạt động bền bỉ cả ngày dài với thời lượng pin lên đến 20 giờ<sup>1</sup></li>\r\n<li>Màn hình Retina 13.3 inch với độ sáng 500 nit và dải màu rộng P3, cho hình ảnh sống động và chi tiết ấn tượng<sup>3</sup></li>\r\n<li>Camera FaceTime HD với bộ xử lý tín hiệu hình ảnh tiên tiến để bạn trông đẹp hơn trong các cuộc gọi video</li>\r\n<li>Ba micrô phối hợp chất lượng chuẩn studio thu giọng nói của bạn rõ hơn</li>\r\n<li>Kết nối không dây nhanh với Wi-Fi 6</li>\r\n<li>Hai cổng Thunderbolt để sạc và kết nối phụ kiện</li>\r\n<li>Bàn phím Magic Keyboard có đèn nền với Touch Bar và Touch ID, giúp mở khóa và thanh toán an toàn hơn</li>\r\n<li>Ổ lưu trữ SSD siêu nhanh giúp mở các ứng dụng và tập tin chỉ trong tích tắc</li>\r\n<li>macOS Monterey cho phép bạn kết nối, chia sẻ và sáng tạo theo cách chưa từng có, giữa tất cả các thiết bị Apple của bạn</li>\r\n<li>Hiện có màu xám bạc và bạc</li>\r\n</ul>\r\n<h3><strong>Cấu hình</strong></h3>\r\n<p>8GB / 256GB - MNEH3SA/A - APPLE M2 CHIP/8C CPU/10 GPU/8GB/256GB SSD/13.3\"/XÁM<br>8GB / 256GB - MNEP3SA/A - APPLE M2 CHIP/8C CPU/10 GPU/8GB/256GB SSD/13.3\"/BẠC<br>8GB / 512GB - MNEJ3SA/A - APPLE M2 CHIP/8C CPU/10 GPU/8GB/512GB SSD/13.3\"/XÁM<br>8GB / 512GB - MNEQ3SA/A - APPLE M2 CHIP/8C CPU/10 GPU/8GB/512GB SSD/13.3\"/BẠC<strong><br></strong></p>\r\n<h3><strong>Pháp lý</strong></h3>\r\n<p>Hiện có sẵn các lựa chọn để nâng cấp.</p>\r\n<p><sup>1 </sup>Thời lượng pin khác nhau tùy theo cách sử dụng và cấu hình. Truy cập <a href=\"apple.com/batteries\" rel=\"nofollow noreferrer\">apple.com/batteries</a> để biết thêm thông tin.</p>\r\n<p><sup>2 </sup>So với thế hệ trước.</p>\r\n<p><sup>3 </sup>Kích thước màn hình tính theo đường chéo.</p><p>Giá sản phẩm trên Tiki đã bao gồm thuế theo luật hiện hành. Bên cạnh đó, tuỳ vào loại sản phẩm, hình thức và địa chỉ giao hàng mà có thể phát sinh thêm chi phí khác như phí vận chuyển, phụ phí hàng cồng kềnh, thuế nhập khẩu (đối với đơn hàng giao từ nước ngoài có giá trị trên 1 triệu đồng).</p></div>', 'macprom2.jpg'),
(13, 'Laptop Dell Latitude 3420 L3420I5SSD (Core i5-1135G7/ 8GB/ 256GB SSD/ 14 HD/ Fedora)', 15690000, '<div class=\"ToggleContent__View-sc-fbuwol-0 imwRtb\" style=\"\"><h3 align=\"center\">Laptop Dell Latitude 3420 (L3420I5SSD) (i5 1135G7 8GB RAM/256GB SSD/14.0 inch HD/Fedora/Đen)</h3>\r\n<p>Laptop Dell Latitude 3420 được thiết kế với kiểu dáng đơn giản, cứng cáp, sản phẩm có trọng lượng tương đối nhẹ để bạn dễ dàng mang theo bên mình.<strong>Dell Latitude 3420 L3420I5SSD</strong>&nbsp;lớp hoàn thiện bóng bẩy, mịn màng mang tới nét sang trọng, hiện đại phù hợp với xu hướng thời nay. Với thiết kế tạo sự liền mạch, sở hữu kiểu dáng tinh tế, thanh mảnh đáp ứng được đúng ý thích thẩm mĩ cho dân văn phòng.</p>\r\n<p><img src=\"https://salt.tikicdn.com/ts/product/32/8c/e8/6f03b0b1d1869bcaf599b65446d56084.jpg\" alt=\"\"></p>\r\n<p>Được trang bị bộ vi xử lý Intel Core i5-1135G7 2.40 GHz up to &nbsp;4.20 GHz, 8MB, RAM 8GB mang đến cho doanh nghiệp hiệu suất, khả năng quản lý, các tính năng bảo mật tích hợp sẵn. Ổ cứng có dung lượng 1TB (option) để bạn lưu trữ được các dữ liệu cần thiết hoặc như SSD sẽ giúp khởi động máy nhanh chóng</p>\r\n<p><img src=\"https://salt.tikicdn.com/ts/product/81/58/c2/a96395313f04484cea94ef6125f9822b.jpg\" alt=\"\"></p>\r\n<p>Tương thích với nhiều màn hình và phụ kiện hơn, với đầy đủ các cổng có sẵn giúp người dụng thuận tiện hơn trong quá trình sử dụng<br>&nbsp;</p>\r\n<p><img src=\"https://salt.tikicdn.com/ts/product/75/59/0e/028df3fdbe786a277395f9d73a1d59bc.jpg\" alt=\"\"></p>\r\n<p>Bàn phím tràn cạnh lớn hơn, các phím bấm và bàn di chuột lớn hơn 18% giúp nhập và điều hướng dễ dàng hơn bao giờ hết.</p>\r\n<p><img src=\"https://salt.tikicdn.com/ts/product/10/e3/77/d1e3eb46d7ed315b9456487856bc6801.jpg\" alt=\"\"></p><p>Giá sản phẩm trên Tiki đã bao gồm thuế theo luật hiện hành. Bên cạnh đó, tuỳ vào loại sản phẩm, hình thức và địa chỉ giao hàng mà có thể phát sinh thêm chi phí khác như phí vận chuyển, phụ phí hàng cồng kềnh, thuế nhập khẩu (đối với đơn hàng giao từ nước ngoài có giá trị trên 1 triệu đồng).</p></div>', 'dell3420.jpg'),
(14, 'Ổ cứng di động External SSD Sandisk Extreme V2 E61 New 2021 - 1TB', 2090000, '<div class=\"ToggleContent__View-sc-fbuwol-0 imwRtb\" style=\"\"><p>Dung lượng: 500GB, 1TB, 2TB Chống sốc, chống nước IP55 Thiết kế nhỏ gọn Tốc độ đọc ghi tối đa: 1050MB/s – 1000MB/s ( tốc độ sẽ thay đổi tùy vào thiết bị )</p>\r\n<p>Ổ cứng di động SSD SanDisk Extreme E61&nbsp; là một thiết bị lưu trữ mới của hãng ra đời để kế thừa những thành công vang dội của dòng E60 đã được ra mắt cách đây không lâu. Đây là một thiết bị có hiệu năng xử lý mạnh mẽ, cho phép người dùng có thể ghi lại những khoảnh khắc tuyệt vời. Đi kèm với khả năng chống rơi vỡ lên tới độ cao 2 mét. Công nghệ IP55 cho khả năng chống nước, chống bụi toàn diện.&nbsp;</p>\r\n<h2><strong>Ổ cứng di động có hiệu năng mạnh mẽ</strong></h2>\r\n<p><img class=\"aligncenter size-full wp-image-26869 litespeed-loaded\" src=\"https://salt.tikicdn.com/ts/product/e7/96/49/645c5df8139eb502dc4dd279d21ec9e1.jpg\" alt=\"\" width=\"700\" height=\"469\"></p>\r\n<p>Đi kèm công nghệ NVMe tích hợp, ổ cứng này có tốc độ đọc ghi cực cao, lên tới 1050MB/s và 1000MB/s cho tác vụ đọc và ghi. Cho phép bạn dễ dàng lưu trữ một tập tin 5GB chỉ trong khoảng thời gian 1 phút đồng hồ.</p>\r\n<h2><strong>Dung lượng ổ cứng&nbsp;</strong></h2>\r\n<p><img class=\"aligncenter size-full wp-image-26872 litespeed-loaded\" src=\"https://salt.tikicdn.com/ts/product/b8/1e/08/1eec7ea61b0210b8158f81f3e56ff6aa.jpg\" alt=\"\" width=\"700\" height=\"342\"></p>\r\n<p>Thiết bị này phù hợp với người dùng không có quá nhiều dữ liệu lưu trữ và họ quan trọng tốc độ xử lý nhiều hơn. Với 500GB dung lượng, cho phép một người dùng cá nhân có thể lưu trữ những tập tin quan trọng của mình ở nơi an toàn.</p>\r\n<h2><strong>Thiết kế cứng cáp chống rơi vỡ</strong></h2>\r\n<p><img class=\"aligncenter size-full wp-image-26870 litespeed-loaded\" src=\"https://salt.tikicdn.com/ts/product/78/34/e0/5ef3d7336a9f80c66f4cc9c9f4e9a3f4.jpg\" alt=\"\" width=\"700\" height=\"342\"></p>\r\n<p>SSD SanDisk Extreme E61 đủ bền để đi cùng bạn đến bất cứ nơi đâu. Thiết bị này có khả năng chống rơi vỡ lên tới độ cao 2 mét và khả năng chống bụi, chống nước theo tiêu chuẩn IP55.</p>\r\n<h2>Thiết kế móc khóa tiện dụng</h2>\r\n<p><img class=\"aligncenter size-full wp-image-26871 litespeed-loaded\" src=\"https://salt.tikicdn.com/ts/product/ba/3e/75/d25a8e7f4073e0bf981973f59b95bb2d.jpg\" alt=\"\" width=\"700\" height=\"342\"></p>\r\n<p>Thiết kế tiện dụng cho phép bạn có thể móc chiếc ổ cứng này vào thắt lưng hay ba lô của mình để có thể sử dụng khi cần thiết.</p>\r\n<h2><strong>Bảo vệ mọi thông tin dữ liệu của bạn luôn được an toàn</strong></h2>\r\n<p>Mọi thông tin dữ liệu riêng tư của bạn khi được lưu trữ trong chiếc ổ cứng này sẽ được bảo mật tuyệt đối cùng với công nghệ mã hóa dữ liệu phần cứng AES 256 bit tiên tiến nhất.</p>\r\n<h2><strong>Tương thích với các hệ điều hành phổ biến</strong></h2>\r\n<p><img class=\"aligncenter size-full wp-image-26873 litespeed-loaded\" src=\"https://salt.tikicdn.com/ts/product/d7/3f/ee/96cfa70fcedc5ce82f97edf67a7e0f18.jpg\" alt=\"\" width=\"700\" height=\"394\"></p>\r\n<p>Ổ cứng này được sản xuất để sử dụng trên nhiều hệ điều hành khác nhau. Ngoài ra, nó cũng được trang bị riêng cổng kết nối USB Type C và USB Type A (bao gồm cáp kết nối), cho phép nó tương thích với Windows, mac OS hay thậm chí cả Linux nữa.</p>\r\n<h3>Thông số kĩ thuật ổ cứng di động SSD SanDisk Extreme E61 500GB</h3>\r\n<table width=\"880\">\r\n<tbody>\r\n<tr>\r\n<td>Thương hiệu</td>\r\n<td>\r\n<p>Sandisk</p>\r\n</td>\r\n</tr>\r\n<tr>\r\n<td>Dung lượng</td>\r\n<td>\r\n<p>500GB, 1TB, 2TB</p>\r\n</td>\r\n</tr>\r\n<tr>\r\n<td>&nbsp;</td>\r\n<td>&nbsp;</td>\r\n</tr>\r\n<tr>\r\n<td>Chuẩn&nbsp;giao tiếp</td>\r\n<td>\r\n<p>USB3.2 Gen2 (Type-C, Type-A)</p>\r\n</td>\r\n</tr>\r\n<tr>\r\n<td>Tốc độ đọc tối đa(MB)</td>\r\n<td>\r\n<p>1050 MB/s</p>\r\n</td>\r\n</tr>\r\n<tr>\r\n<td>Tốc độ ghi tối đa (MB)</td>\r\n<td>\r\n<p>1000 MB/s</p>\r\n</td>\r\n</tr>\r\n<tr>\r\n<td>Hệ điều hành hỗ trợ</td>\r\n<td>\r\n<p>Windows, macOS, Linux</p>\r\n</td>\r\n</tr>\r\n<tr>\r\n<td>Kích thước</td>\r\n<td>\r\n<p>100.54 x 52.42 x 8.95 (mm)</p>\r\n</td>\r\n</tr>\r\n<tr>\r\n<td>Cân nặng</td>\r\n<td>\r\n<p>63g</p>\r\n</td>\r\n</tr>\r\n</tbody>\r\n</table><p>Giá sản phẩm trên Tiki đã bao gồm thuế theo luật hiện hành. Bên cạnh đó, tuỳ vào loại sản phẩm, hình thức và địa chỉ giao hàng mà có thể phát sinh thêm chi phí khác như phí vận chuyển, phụ phí hàng cồng kềnh, thuế nhập khẩu (đối với đơn hàng giao từ nước ngoài có giá trị trên 1 triệu đồng).</p></div>', 'sandiskv2.jpg');
COMMIT;

/*!40101 SET CHARACTER_SET_CLIENT=@OLD_CHARACTER_SET_CLIENT */;
/*!40101 SET CHARACTER_SET_RESULTS=@OLD_CHARACTER_SET_RESULTS */;
/*!40101 SET COLLATION_CONNECTION=@OLD_COLLATION_CONNECTION */;
